バッチ番号,スキャナ読取日,イメージファイル名
002,20180422,201804221502552.jpg
002,20180422,201804221502553.jpg
002,20180422,201804221502554.jpg
002,20180422,201804221502555.jpg
002,20180422,201804221502556.jpg
002,20180422,201804221502557.jpg
002,20180422,201804221502558.jpg
002,20180422,201804221502559.jpg
002,20180422,201804221502560.jpg
002,20180422,201804221502561.jpg
002,20180422,201804221502562.jpg
002,20180422,201804221502563.jpg
002,20180422,201804221502564.jpg
002,20180422,201804221502565.jpg
002,20180422,201804221502566.jpg
002,20180422,201804221502567.jpg
002,20180422,201804221502568.jpg
002,20180422,201804221502569.jpg
002,20180422,201804221502570.jpg
002,20180422,201804221502571.jpg
002,20180422,201804221502572.jpg
002,20180422,201804221502573.jpg
002,20180422,201804221502574.jpg
002,20180422,201804221502575.jpg
002,20180422,201804221502576.jpg
002,20180422,201804221502577.jpg
002,20180422,201804221502578.jpg
002,20180422,201804221502579.jpg
002,20180422,201804221502580.jpg
002,20180422,201804221502581.jpg
002,20180422,201804221502582.jpg
002,20180422,201804221502583.jpg
002,20180422,201804221502584.jpg
002,20180422,201804221502585.jpg
002,20180422,201804221502586.jpg
002,20180422,201804221502587.jpg
002,20180422,201804221502588.jpg
002,20180422,201804221502589.jpg
002,20180422,201804221502590.jpg
003,20180422,201804221503443.jpg
003,20180422,201804221503444.jpg
003,20180422,201804221503445.jpg
003,20180422,201804221503446.jpg
003,20180422,201804221503447.jpg
003,20180422,201804221503448.jpg
003,20180422,201804221503449.jpg
003,20180422,201804221503450.jpg
003,20180422,201804221503451.jpg
003,20180422,201804221503452.jpg
003,20180422,201804221503453.jpg
003,20180422,201804221503454.jpg
003,20180422,201804221503455.jpg
003,20180422,201804221503456.jpg
003,20180422,201804221503457.jpg
003,20180422,201804221503458.jpg
003,20180422,201804221503459.jpg
003,20180422,201804221503460.jpg
003,20180422,201804221503461.jpg
003,20180422,201804221503462.jpg
003,20180422,201804221503463.jpg
003,20180422,201804221503464.jpg
003,20180422,201804221503465.jpg
003,20180422,201804221503466.jpg
003,20180422,201804221503467.jpg
003,20180422,201804221503468.jpg
003,20180422,201804221503469.jpg
003,20180422,201804221503470.jpg
003,20180422,201804221503471.jpg
003,20180422,201804221503472.jpg
003,20180422,201804221503473.jpg
003,20180422,201804221503474.jpg
003,20180422,201804221503475.jpg
003,20180422,201804221503476.jpg
003,20180422,201804221503477.jpg
003,20180422,201804221503478.jpg
003,20180422,201804221503479.jpg
003,20180422,201804221503480.jpg
003,20180422,201804221503481.jpg
003,20180422,201804221503482.jpg
003,20180422,201804221503483.jpg
003,20180422,201804221503484.jpg
003,20180422,201804221503485.jpg
003,20180422,201804221503486.jpg
003,20180422,201804221503487.jpg
003,20180422,201804221503488.jpg
003,20180422,201804221503489.jpg
003,20180422,201804221503490.jpg
003,20180422,201804221503491.jpg
003,20180422,201804221503492.jpg
003,20180422,201804221503493.jpg
003,20180422,201804221503494.jpg
003,20180422,201804221503495.jpg
003,20180422,201804221503496.jpg
003,20180422,201804221503497.jpg
003,20180422,201804221503498.jpg
003,20180422,201804221503499.jpg
003,20180422,201804221503500.jpg
003,20180422,201804221503501.jpg
003,20180422,201804221503502.jpg
003,20180422,201804221503503.jpg
003,20180422,201804221503504.jpg
005,20180422,201804221504087.jpg
005,20180422,201804221504088.jpg
005,20180422,201804221504089.jpg
005,20180422,201804221504090.jpg
005,20180422,201804221504091.jpg
005,20180422,201804221504092.jpg
005,20180422,201804221504093.jpg
005,20180422,201804221504094.jpg
005,20180422,201804221504095.jpg
005,20180422,201804221504096.jpg
005,20180422,201804221504097.jpg
005,20180422,201804221504098.jpg
005,20180422,201804221504099.jpg
005,20180422,201804221504100.jpg
005,20180422,201804221504101.jpg
005,20180422,201804221504102.jpg
005,20180422,201804221504103.jpg
005,20180422,201804221504104.jpg
005,20180422,201804221504105.jpg
005,20180422,201804221504106.jpg
005,20180422,201804221504107.jpg
005,20180422,201804221504108.jpg
005,20180422,201804221504109.jpg
005,20180422,201804221504110.jpg
005,20180422,201804221504111.jpg
005,20180422,201804221504112.jpg
005,20180422,201804221504113.jpg
005,20180422,201804221504114.jpg
005,20180422,201804221504115.jpg
005,20180422,201804221504116.jpg
005,20180422,201804221504117.jpg
005,20180422,201804221504118.jpg
005,20180422,201804221504119.jpg
005,20180422,201804221504120.jpg
005,20180422,201804221504121.jpg
005,20180422,201804221504122.jpg
005,20180422,201804221504123.jpg
005,20180422,201804221504124.jpg
005,20180422,201804221504125.jpg
005,20180422,201804221504126.jpg
005,20180422,201804221504127.jpg
005,20180422,201804221504128.jpg
005,20180422,201804221504129.jpg
005,20180422,201804221504130.jpg
005,20180422,201804221504131.jpg
005,20180422,201804221504132.jpg
005,20180422,201804221504133.jpg
005,20180422,201804221504134.jpg
005,20180422,201804221504135.jpg
005,20180422,201804221504136.jpg
005,20180422,201804221504137.jpg
005,20180422,201804221504138.jpg
005,20180422,201804221504139.jpg
005,20180422,201804221504140.jpg
005,20180422,201804221504141.jpg
005,20180422,201804221504142.jpg
005,20180422,201804221504143.jpg
005,20180422,201804221504144.jpg
005,20180422,201804221504145.jpg
005,20180422,201804221504146.jpg
005,20180422,201804221504147.jpg
005,20180422,201804221504148.jpg
005,20180422,201804221504149.jpg
005,20180422,201804221504150.jpg
005,20180422,201804221504151.jpg
005,20180422,201804221504152.jpg
005,20180422,201804221504153.jpg
005,20180422,201804221504154.jpg
005,20180422,201804221504155.jpg
005,20180422,201804221504156.jpg
005,20180422,201804221504157.jpg
